"from","to"
"Depth.................mm.1","Depth.................mm.3"
"Depth.................mm.1","Bulk.Density.Moist..g.cc.1"
"Depth.................mm.1","Bulk.Density.Moist..g.cc.3"
"Depth.................mm.1","Ave..AW.Incl..Rock.Frag3"
"Depth.................mm.1","Ksat...est.........mm.hr.3"
"Depth.................mm.1","CN2"
"Depth.................mm.1","OV_N"
"Depth.................mm.2","Depth.................mm.3"
"Depth.................mm.2","Bulk.Density.Moist..g.cc.2"
"Depth.................mm.2","Ave..AW.Incl..Rock.Frag2"
"Depth.................mm.2","CN2"
"Depth.................mm.2","WYLDmm"
"Depth.................mm.2","AREAkm2"
"Depth.................mm.3","Bulk.Density.Moist..g.cc.1"
"Depth.................mm.3","Bulk.Density.Moist..g.cc.2"
"Depth.................mm.3","Ave..AW.Incl..Rock.Frag2"
"Depth.................mm.3","Ksat...est.........mm.hr.1"
"Bulk.Density.Moist..g.cc.1","Ave..AW.Incl..Rock.Frag3"
"Bulk.Density.Moist..g.cc.1","Ksat...est.........mm.hr.1"
"Bulk.Density.Moist..g.cc.1","Ksat...est.........mm.hr.2"
"Bulk.Density.Moist..g.cc.1","SLSUBBSN"
"Bulk.Density.Moist..g.cc.1","HRU_SLP"
"Bulk.Density.Moist..g.cc.1","WYLDmm"
"Bulk.Density.Moist..g.cc.2","Ave..AW.Incl..Rock.Frag1"
"Bulk.Density.Moist..g.cc.2","Ave..AW.Incl..Rock.Frag2"
"Bulk.Density.Moist..g.cc.2","Ksat...est.........mm.hr.2"
"Bulk.Density.Moist..g.cc.3","Depth.................mm.3"
"Bulk.Density.Moist..g.cc.3","Bulk.Density.Moist..g.cc.2"
"Bulk.Density.Moist..g.cc.3","Ave..AW.Incl..Rock.Frag1"
"Bulk.Density.Moist..g.cc.3","Ave..AW.Incl..Rock.Frag2"
"Bulk.Density.Moist..g.cc.3","Ave..AW.Incl..Rock.Frag3"
"Ave..AW.Incl..Rock.Frag1","Ave..AW.Incl..Rock.Frag2"
"Ave..AW.Incl..Rock.Frag1","Ksat...est.........mm.hr.1"
"Ave..AW.Incl..Rock.Frag1","SLSUBBSN"
"Ave..AW.Incl..Rock.Frag1","OV_N"
"Ave..AW.Incl..Rock.Frag2","Ave..AW.Incl..Rock.Frag3"
"Ave..AW.Incl..Rock.Frag2","HRU_FR"
"Ave..AW.Incl..Rock.Frag3","Ksat...est.........mm.hr.3"
"Ave..AW.Incl..Rock.Frag3","SLSUBBSN"
"Ksat...est.........mm.hr.1","Ksat...est.........mm.hr.2"
"Ksat...est.........mm.hr.1","Ksat...est.........mm.hr.3"
"Ksat...est.........mm.hr.1","CN2"
"Ksat...est.........mm.hr.2","Ksat...est.........mm.hr.3"
"Ksat...est.........mm.hr.2","HRU_SLP"
"Ksat...est.........mm.hr.2","OV_N"
"Ksat...est.........mm.hr.2","AREAkm2"
"Ksat...est.........mm.hr.3","OV_N"
"CN2","HRU_FR"
"CN2","SLSUBBSN"
"CN2","HRU_SLP"
"CN2","OV_N"
"CN2","AREAkm2"
"HRU_FR","SLSUBBSN"
"HRU_FR","HRU_SLP"
"HRU_FR","OV_N"
"HRU_FR","WYLDmm"
"HRU_FR","AREAkm2"
"SLSUBBSN","HRU_SLP"
"SLSUBBSN","OV_N"
"SLSUBBSN","WYLDmm"
"SLSUBBSN","AREAkm2"
"HRU_SLP","OV_N"
"HRU_SLP","WYLDmm"
"OV_N","WYLDmm"
"WYLDmm","AREAkm2"
